{
    "MSE": [
        0.011524824425578117,
        0.010367784649133682,
        0.011236974038183689,
        0.011014539748430252,
        0.012313866056501865,
        0.012062834575772285,
        0.012086695991456509,
        0.012409741058945656,
        0.012706343084573746,
        0.013125203549861908
    ],
    "MIOU": [
        0.8544753193855286,
        0.864322304725647,
        0.8550401926040649,
        0.8550308346748352,
        0.841508150100708,
        0.8414644598960876,
        0.8392051458358765,
        0.8335118889808655,
        0.8281226754188538,
        0.820970892906189
    ],
    "SSIM": [
        0.7053558230400085,
        0.7099169492721558,
        0.7022361755371094,
        0.6934428215026855,
        0.6840090155601501,
        0.6805087924003601,
        0.6763546466827393,
        0.6722131967544556,
        0.6645458340644836,
        0.6540353894233704
    ]
}