{
    "MSE": [
        0.009766746312379837,
        0.008208456449210644,
        0.007828167639672756,
        0.00714130001142621,
        0.007168306969106197,
        0.00747385248541832,
        0.00840563140809536,
        0.009688019752502441,
        0.010927120223641396,
        0.012269857339560986
    ],
    "MIOU": [
        0.8545600771903992,
        0.8757955431938171,
        0.8813372850418091,
        0.8912460803985596,
        0.8930256962776184,
        0.8877674341201782,
        0.8735553622245789,
        0.8552651405334473,
        0.8383041620254517,
        0.8208620548248291
    ],
    "SSIM": [
        0.8184409141540527,
        0.8373337388038635,
        0.8449579477310181,
        0.8431065678596497,
        0.8463584184646606,
        0.8443773984909058,
        0.8271468281745911,
        0.8191848993301392,
        0.8100377917289734,
        0.7946405410766602
    ]
}